<?xml version="1.0"?>
<module>
  <type>language</type>
  <name>Persian</name>
  <label>IR Persian</label>
  <prefix>fa_ir</prefix>
  <version>6.5.1</version>
	<dependencies>
		<vtiger_version>6.5.0</vtiger_version>
		<vtiger_max_version>6.*</vtiger_max_version>
	</dependencies>
  <license>
   <inline><![CDATA[
 ********************************************************************************
 ** The contents of these files are subject to the vtiger CRM Public License
  * Version 1.0. You may not use this file except in compliance with the License
  * The Original Code is:  vtiger CRM Open Source
  * The Initial Developer of the Original Code is vtiger.
  * Portions created by vtiger are Copyright (C) vtiger.
  * All Rights Reserved.
 ********************************************************************************
 *  Language     : Persian
 *  Version      : 6.5.1
 *  Author       : favtiger.ir Group - http://www.favtiger.ir
 ********************************************************************************
]]></inline>
  </license>
</module>
